{"Guldur":{"score":"6"},"slut":{"score":[{"date":"2022-10-14T08:14:41.507Z","mot_du_jour":["g","é","n","é","r","a","l","i","s","é"],"nombre_de_coups":1},{"date":"2022-10-14T08:18:38.946Z","mot_du_jour":["o","b","s","t","i","n","a","t","i","o","n"],"nombre_de_coups":1},{"date":"2022-10-14T08:20:32.394Z","mot_du_jour":["o","r","i","g","i","n","a","i","r","e","s"],"nombre_de_coups":1},{"date":"2022-10-14T08:21:47.162Z","mot_du_jour":["r","a","v","i","t","a","i","l","l","e","m","e","n","t"],"nombre_de_coups":1},{"date":"2022-10-14T08:24:00.659Z","mot_du_jour":["i","n","f","e","c","t","e"],"nombre_de_coups":1},{"date":"2022-10-14T08:28:23.563Z","mot_du_jour":["é","t","e","r","n","u","e","r"],"nombre_de_coups":1},{"date":"2022-10-14T08:30:56.506Z","mot_du_jour":["p","n","e","u","m","a","t","i","q","u","e","s"],"nombre_de_coups":1},{"date":"2022-10-14T08:32:56.606Z","mot_du_jour":["u","n","e","s"],"nombre_de_coups":1},{"date":"2022-10-14T08:35:21.320Z","mot_du_jour":["t","r","a","d","u","c","t","e","u","r","s"],"nombre_de_coups":1},{"date":"2022-10-14T08:38:02.658Z","mot_du_jour":["s","e","c","r","é","t","a","r","i","a","t"],"nombre_de_coups":1},{"date":"2022-10-14T08:39:45.192Z","mot_du_jour":["c","a","n","n","e","l","é"],"nombre_de_coups":1},{"date":"2022-10-14T08:40:39.543Z","mot_du_jour":["M","a","h","o","m","e","t"],"nombre_de_coups":1},{"date":"2022-10-14T08:41:34.014Z","mot_du_jour":["m","é","c","h","a","m","m","e","n","t"],"nombre_de_coups":1},{"date":"2022-10-14T08:42:14.083Z","mot_du_jour":["p","e","r","s","i","s","t","a","n","c","e"],"nombre_de_coups":3}]}}