{"Guldur":{"psw":"pswwwd"},"guldur2":{"psw":"guldur2"},"guldur3":{"psw":"guldur3"},"guldur4":{"psw":"guldur4"},"guldur5":{"psw":"guldur5"},"guldur6":{"psw":"guldur6"},"guldur7":{"psw":"guldur7"},"guldur8":{"psw":"guldur8"},"guldur9":{"psw":"guldur9"},"guldur10":{"psw":"guldur10"},"guldur11":{"psw":"guldur12"},"guldur12":{"psw":"guldur12"},"guldur13":{"psw":"guldur13"},"guldur14":{"psw":"guldur14"},"guldur15":{"psw":"guldur15"},"guldur16":{"psw":"guldur16"},"guldur17":{"psw":"guldur17"},"guldur18":{"psw":"guldur19"},"guldur19":{"psw":"guldur19"},"guldur21":{"psw":"guldur21"},"nj,ku;,jnhbg":{"psw":"zsedrfgth"},"éfrgtyu":{"psw":"frtryu"},"iojez,k":{"psw":"oielknce"},"duser":{"psw":"duser"},"eeeeee":{"psw":"iiiiiiiii"},"ssss":{"psw":"csc"},"eftrgtyy":{"psw":"rtyjhn-"},"zzza":{"psw":"eeeee"},"dek,":{"psw":"ldeklkde"},"dijen":{"psw":"diej,de"},"deboiter ":{"psw":"des daronnes"},"slut":{"psw":"pute"},"pute":{"psw":"salope"},"cacac":{"psw":"cca$"},"s":{"psw":"s"},"Salut":{"psw":"aijdz,"},"salut":{"psw":"cmoi"},"LOGIN":{"psw":"LOGIN"},"kk":{"psw":"pipi"},"mm":{"psw":"mm"},"slut ":{"psw":"pute"}}